/jnjperf/perftest1/CSRTEST01/re/PSUR01/programs/importcqcm.sas	
/jnjperf/perftest1/CSRTEST01/re/PSUR01/programs/importcq181.sas	
/jnjperf/perftest1/CSRTEST01/re/PSUR01/programs/importcq180.sas	
/jnjperf/perftest1/CSRTEST01/re/PSUR01/programs/advsm.sas	
/jnjperf/perftest1/CSRTEST01/re/PSUR01/programs/advs.sas	
/jnjperf/perftest1/CSRTEST01/re/PSUR01/programs/adtteefp.sas	
/jnjperf/perftest1/CSRTEST01/re/PSUR01/programs/adtteef.sas	
/jnjperf/perftest1/CSRTEST01/re/PSUR01/programs/adttecvp.sas	
/jnjperf/perftest1/CSRTEST01/re/PSUR01/programs/adttecv.sas	
/jnjperf/perftest1/CSRTEST01/re/PSUR01/programs/adtteaep.sas	
/jnjperf/perftest1/CSRTEST01/re/PSUR01/programs/adtteae.sas	
/jnjperf/perftest1/CSRTEST01/re/PSUR01/programs/adtte.sas	
/jnjperf/perftest1/CSRTEST01/re/PSUR01/programs/adsl.sas	
/jnjperf/perftest1/CSRTEST01/re/PSUR01/programs/admhfd.sas	
/jnjperf/perftest1/CSRTEST01/re/PSUR01/programs/admh.sas	
/jnjperf/perftest1/CSRTEST01/re/PSUR01/programs/adlbm.sas	
/jnjperf/perftest1/CSRTEST01/re/PSUR01/programs/adlbcm.sas	
/jnjperf/perftest1/CSRTEST01/re/PSUR01/programs/adlbcacr.sas	
/jnjperf/perftest1/CSRTEST01/re/PSUR01/programs/adlbc.sas	
/jnjperf/perftest1/CSRTEST01/re/PSUR01/programs/adlbacr.sas	
/jnjperf/perftest1/CSRTEST01/re/PSUR01/programs/adlb.sas	
/jnjperf/perftest1/CSRTEST01/re/PSUR01/programs/ades.sas	
/jnjperf/perftest1/CSRTEST01/re/PSUR01/programs/adds.sas	
/jnjperf/perftest1/CSRTEST01/re/PSUR01/programs/adcv.sas	
/jnjperf/perftest1/CSRTEST01/re/PSUR01/programs/adae.sas	